{"stats":{"minecraft:picked_up":{"minecraft:slime_ball":1},"minecraft:killed_by":{"naturalist:coral_snake":1},"minecraft:used":{"naturalist:duck_spawn_egg":1,"naturalist:robin_spawn_egg":1,"naturalist:rhino_spawn_egg":2,"immersive_aircraft:gyrodyne":2},"minecraft:killed":{"naturalist:snail":1},"minecraft:custom":{"minecraft:time_since_rest":16046,"minecraft:crouch_one_cm":378,"minecraft:sprint_one_cm":41384,"minecraft:play_time":20177,"minecraft:deaths":1,"minecraft:damage_taken":250,"minecraft:walk_one_cm":12938,"minecraft:sneak_time":1837,"minecraft:walk_under_water_one_cm":10357,"minecraft:mob_kills":1,"minecraft:jump":279,"minecraft:damage_dealt":109,"minecraft:leave_game":2,"minecraft:walk_on_water_one_cm":1351,"minecraft:time_since_death":16016,"minecraft:total_world_time":20177,"minecraft:swim_one_cm":3561,"minecraft:fall_one_cm":9577,"minecraft:fly_one_cm":522011}},"DataVersion":3465}