{"stats":{"minecraft:used":{"minecraft:dirt":1,"minecraft:gravel":1},"minecraft:mined":{"minecraft:grass_block":1,"minecraft:gravel":1},"minecraft:picked_up":{"minecraft:gravel":1,"minecraft:dirt":1},"minecraft:custom":{"minecraft:time_since_rest":6254,"minecraft:damage_taken":215,"minecraft:leave_game":6,"minecraft:crouch_one_cm":80,"minecraft:play_time":6254,"minecraft:sprint_one_cm":22783,"minecraft:time_since_death":6254,"minecraft:walk_on_water_one_cm":1167,"minecraft:walk_one_cm":6214,"minecraft:climb_one_cm":215,"minecraft:sneak_time":35,"minecraft:total_world_time":6254,"minecraft:walk_under_water_one_cm":1744,"minecraft:swim_one_cm":1739,"minecraft:fall_one_cm":6962,"minecraft:fly_one_cm":36221,"minecraft:jump":147}},"DataVersion":3465}