{"stats":{"minecraft:used":{"naturalist:duck_spawn_egg":1,"naturalist:robin_spawn_egg":1,"naturalist:rhino_spawn_egg":1},"minecraft:custom":{"minecraft:jump":242,"minecraft:time_since_rest":6482,"minecraft:leave_game":1,"minecraft:damage_dealt":60,"minecraft:deaths":1,"minecraft:damage_taken":250,"minecraft:sprint_one_cm":34818,"minecraft:play_time":10613,"minecraft:walk_on_water_one_cm":899,"minecraft:time_since_death":6452,"minecraft:walk_one_cm":8414,"minecraft:sneak_time":797,"minecraft:total_world_time":10613,"minecraft:walk_under_water_one_cm":8436,"minecraft:swim_one_cm":3561,"minecraft:fall_one_cm":9577,"minecraft:fly_one_cm":278119},"minecraft:killed_by":{"naturalist:coral_snake":1}},"DataVersion":3465}