{"stats":{"minecraft:picked_up":{"minecraft:dirt":1,"minecraft:gravel":1},"minecraft:custom":{"minecraft:jump":107,"minecraft:time_since_rest":5027,"minecraft:walk_on_water_one_cm":964,"minecraft:crouch_one_cm":80,"minecraft:leave_game":5,"minecraft:play_time":5027,"minecraft:sprint_one_cm":17360,"minecraft:damage_taken":105,"minecraft:time_since_death":5027,"minecraft:walk_one_cm":5190,"minecraft:sneak_time":35,"minecraft:total_world_time":5027,"minecraft:walk_under_water_one_cm":340,"minecraft:fall_one_cm":4350,"minecraft:fly_one_cm":28113},"minecraft:used":{"minecraft:dirt":1,"minecraft:gravel":1},"minecraft:mined":{"minecraft:grass_block":1,"minecraft:gravel":1}},"DataVersion":3465}