{"stats":{"minecraft:custom":{"minecraft:jump":575,"minecraft:time_since_rest":50240,"minecraft:damage_dealt":10,"minecraft:crouch_one_cm":1128,"minecraft:leave_game":4,"minecraft:play_time":50240,"minecraft:sprint_one_cm":114659,"minecraft:time_since_death":50240,"minecraft:walk_on_water_one_cm":1024,"minecraft:walk_one_cm":37832,"minecraft:walk_under_water_one_cm":5924,"minecraft:sneak_time":3423,"minecraft:total_world_time":50240,"minecraft:climb_one_cm":1218,"minecraft:swim_one_cm":2589,"minecraft:fly_one_cm":2103926},"minecraft:picked_up":{"ecologics:coconut_slice":2}},"DataVersion":3465}