{"stats":{"minecraft:custom":{"minecraft:jump":137,"minecraft:time_since_rest":18605,"minecraft:leave_game":3,"minecraft:play_time":18605,"minecraft:sprint_one_cm":33346,"minecraft:time_since_death":18605,"minecraft:walk_on_water_one_cm":270,"minecraft:walk_one_cm":9685,"minecraft:sneak_time":1145,"minecraft:total_world_time":18605,"minecraft:walk_under_water_one_cm":296,"minecraft:swim_one_cm":1582,"minecraft:fly_one_cm":587475},"minecraft:used":{"immersive_aircraft:gyrodyne":1,"minecraft:villager_spawn_egg":1}},"DataVersion":3465}