{"stats":{"minecraft:picked_up":{"ecologics:coconut_slice":2},"minecraft:custom":{"minecraft:jump":522,"minecraft:time_since_rest":40858,"minecraft:damage_dealt":10,"minecraft:crouch_one_cm":827,"minecraft:leave_game":4,"minecraft:play_time":40858,"minecraft:sprint_one_cm":102344,"minecraft:time_since_death":40858,"minecraft:walk_on_water_one_cm":598,"minecraft:walk_one_cm":34217,"minecraft:walk_under_water_one_cm":1889,"minecraft:sneak_time":2483,"minecraft:total_world_time":40858,"minecraft:climb_one_cm":1218,"minecraft:swim_one_cm":2589,"minecraft:fly_one_cm":1630624}},"DataVersion":3465}