{"stats":{"minecraft:picked_up":{"ecologics:coconut_slice":2},"minecraft:custom":{"minecraft:jump":460,"minecraft:time_since_rest":34573,"minecraft:damage_dealt":10,"minecraft:crouch_one_cm":615,"minecraft:leave_game":3,"minecraft:play_time":34573,"minecraft:sprint_one_cm":91547,"minecraft:time_since_death":34573,"minecraft:walk_on_water_one_cm":431,"minecraft:walk_one_cm":28516,"minecraft:walk_under_water_one_cm":551,"minecraft:sneak_time":2038,"minecraft:total_world_time":34573,"minecraft:climb_one_cm":1218,"minecraft:swim_one_cm":712,"minecraft:fly_one_cm":1412816}},"DataVersion":3465}