{"stats":{"minecraft:picked_up":{"ecologics:coconut_slice":2,"minecraft:kelp":2},"minecraft:custom":{"minecraft:jump":1044,"minecraft:time_since_rest":27198,"minecraft:damage_dealt":20,"minecraft:damage_taken":520,"minecraft:leave_game":7,"minecraft:crouch_one_cm":1313,"minecraft:time_since_death":27147,"minecraft:play_time":78695,"minecraft:sprint_one_cm":176845,"minecraft:walk_one_cm":59835,"minecraft:walk_on_water_one_cm":2634,"minecraft:deaths":1,"minecraft:walk_under_water_one_cm":11911,"minecraft:sneak_time":4471,"minecraft:total_world_time":78695,"minecraft:climb_one_cm":1218,"minecraft:swim_one_cm":6587,"minecraft:fall_one_cm":5478,"minecraft:fly_one_cm":2960819}},"DataVersion":3465}