{"stats":{"minecraft:used":{"minecraft:cooked_mutton":5,"minecraft:stone_sword":47,"minecraft:stone_pickaxe":28,"minecraft:wooden_pickaxe":16,"naturalist:cooked_duck":2,"minecraft:sweet_berries":35,"minecraft:crafting_table":3,"minecraft:cooked_porkchop":1,"minecraft:furnace":2,"comforts:sleeping_bag_white":3},"minecraft:mined":{"minecraft:furnace":2,"minecraft:azure_bluet":1,"minecraft:crafting_table":3,"minecraft:grass":4,"minecraft:oak_log":7,"minecraft:coal_ore":16,"minecraft:tall_grass":4,"minecraft:stone":26,"minecraft:oak_leaves":1},"minecraft:picked_up":{"minecraft:stick":2,"minecraft:crafting_table":3,"naturalist:duck":2,"minecraft:feather":7,"minecraft:chicken":4,"minecraft:salmon":1,"minecraft:sweet_berries":53,"ecologics:coconut_slice":2,"minecraft:porkchop":7,"minecraft:oak_log":7,"naturalist:lizard_tail":1,"naturalist:bass":1,"minecraft:kelp":2,"comforts:sleeping_bag_white":3,"minecraft:light_gray_wool":1,"minecraft:mutton":8,"minecraft:coal":32,"minecraft:white_wool":5,"minecraft:cobblestone":26,"minecraft:furnace":2},"minecraft:custom":{"minecraft:time_since_rest":6721,"minecraft:interact_with_furnace":13,"minecraft:sprint_one_cm":426640,"minecraft:damage_taken":990,"minecraft:walk_one_cm":127988,"minecraft:mob_kills":21,"minecraft:damage_dealt":1390,"minecraft:swim_one_cm":42956,"minecraft:interact_with_crafting_table":4,"minecraft:fly_one_cm":3374008,"minecraft:open_chest":1,"minecraft:crouch_one_cm":3920,"minecraft:play_time":121824,"minecraft:deaths":1,"minecraft:sneak_time":4956,"minecraft:walk_under_water_one_cm":15206,"minecraft:jump":2612,"minecraft:leave_game":8,"minecraft:sleep_in_bed":3,"minecraft:time_since_death":70276,"minecraft:walk_on_water_one_cm":7216,"minecraft:total_world_time":121824,"minecraft:climb_one_cm":1416,"minecraft:fall_one_cm":50509},"minecraft:killed":{"minecraft:sheep":6,"minecraft:pig":4,"minecraft:chicken":4,"naturalist:bass":1,"minecraft:salmon":1,"naturalist:lizard_tail":1,"naturalist:lizard":1,"naturalist:sparrow":1,"naturalist:duck":2},"minecraft:crafted":{"naturalist:cooked_duck":2,"minecraft:oak_planks":28,"minecraft:cooked_porkchop":7,"minecraft:crafting_table":1,"minecraft:stick":8,"comforts:sleeping_bag_white":1,"minecraft:wooden_pickaxe":1,"minecraft:stone_pickaxe":1,"minecraft:stone_sword":1,"minecraft:furnace":1,"minecraft:air":0,"minecraft:cooked_mutton":5}},"DataVersion":3465}