{"stats":{"minecraft:custom":{"minecraft:jump":408,"minecraft:time_since_rest":26527,"minecraft:crouch_one_cm":615,"minecraft:leave_game":2,"minecraft:play_time":26527,"minecraft:sprint_one_cm":76587,"minecraft:time_since_death":26527,"minecraft:walk_on_water_one_cm":372,"minecraft:walk_one_cm":25868,"minecraft:walk_under_water_one_cm":374,"minecraft:sneak_time":1654,"minecraft:total_world_time":26527,"minecraft:climb_one_cm":1218,"minecraft:swim_one_cm":712,"minecraft:fly_one_cm":1087186},"minecraft:picked_up":{"ecologics:coconut_slice":2}},"DataVersion":3465}