{"stats":{"minecraft:custom":{"minecraft:jump":372,"minecraft:time_since_rest":24013,"minecraft:crouch_one_cm":615,"minecraft:leave_game":1,"minecraft:sprint_one_cm":71318,"minecraft:play_time":24013,"minecraft:walk_on_water_one_cm":372,"minecraft:time_since_death":24013,"minecraft:walk_one_cm":24237,"minecraft:sneak_time":1650,"minecraft:climb_one_cm":1218,"minecraft:total_world_time":24013,"minecraft:walk_under_water_one_cm":374,"minecraft:swim_one_cm":712,"minecraft:fly_one_cm":1073846}},"DataVersion":3465}