{"stats":{"minecraft:custom":{"minecraft:jump":780,"minecraft:time_since_rest":20890,"minecraft:deaths":1,"minecraft:damage_taken":520,"minecraft:damage_dealt":10,"minecraft:crouch_one_cm":1259,"minecraft:leave_game":6,"minecraft:play_time":72387,"minecraft:sprint_one_cm":141850,"minecraft:time_since_death":20839,"minecraft:walk_on_water_one_cm":1865,"minecraft:walk_one_cm":49925,"minecraft:walk_under_water_one_cm":10314,"minecraft:sneak_time":4428,"minecraft:total_world_time":72387,"minecraft:climb_one_cm":1218,"minecraft:swim_one_cm":2589,"minecraft:fall_one_cm":5478,"minecraft:fly_one_cm":2871353},"minecraft:picked_up":{"ecologics:coconut_slice":2,"minecraft:kelp":2}},"DataVersion":3465}