{
  "minecraft:recipes/decorations/crafting_table": {
    "criteria": {
      "unlock_right_away": "2024-05-28 11:00:37 +0000"
    },
    "done": true
  },
  "minecraft:adventure/adventuring_time": {
    "criteria": {
      "minecraft:beach": "2024-05-28 11:00:38 +0000",
      "minecraft:river": "2024-05-28 11:01:16 +0000",
      "minecraft:swamp": "2024-05-28 11:01:08 +0000"
    },
    "done": false
  },
  "1_splatus:ultris/root": {
    "criteria": {
      "c1": "2024-05-28 11:21:27 +0000"
    },
    "done": true
  },
  "dungeons_arise:wda_root": {
    "criteria": {
      "WDA": "2024-05-28 11:21:28 +0000"
    },
    "done": true
  },
  "DataVersion": 3465
}