{
  "1_splatus:ultris/root": {
    "criteria": {
      "c1": "2024-05-30 07:42:48 +0000"
    },
    "done": true
  },
  "minecraft:recipes/decorations/crafting_table": {
    "criteria": {
      "unlock_right_away": "2024-05-30 07:42:49 +0000"
    },
    "done": true
  },
  "dungeons_arise:wda_root": {
    "criteria": {
      "WDA": "2024-05-30 07:42:49 +0000"
    },
    "done": true
  },
  "minecraft:adventure/adventuring_time": {
    "criteria": {
      "minecraft:old_growth_pine_taiga": "2024-05-30 07:43:24 +0000",
      "minecraft:taiga": "2024-05-30 08:01:26 +0000",
      "minecraft:deep_ocean": "2024-05-31 13:25:23 +0000",
      "minecraft:frozen_river": "2024-05-30 07:46:02 +0000",
      "minecraft:beach": "2024-05-30 07:44:37 +0000",
      "minecraft:dark_forest": "2024-05-30 07:48:11 +0000",
      "minecraft:river": "2024-05-30 07:45:52 +0000",
      "minecraft:snowy_plains": "2024-05-31 12:49:23 +0000",
      "minecraft:snowy_taiga": "2024-05-30 07:52:35 +0000",
      "minecraft:cold_ocean": "2024-05-30 07:43:26 +0000",
      "minecraft:forest": "2024-05-31 12:49:22 +0000",
      "minecraft:lush_caves": "2024-05-30 07:43:50 +0000",
      "minecraft:deep_cold_ocean": "2024-05-31 12:54:30 +0000",
      "minecraft:frozen_ocean": "2024-05-30 07:43:27 +0000",
      "minecraft:deep_frozen_ocean": "2024-05-30 07:51:29 +0000",
      "minecraft:ocean": "2024-05-31 13:25:28 +0000",
      "minecraft:old_growth_spruce_taiga": "2024-05-30 07:47:11 +0000",
      "minecraft:snowy_beach": "2024-05-30 07:43:36 +0000",
      "minecraft:flower_forest": "2024-05-31 13:27:51 +0000",
      "minecraft:old_growth_birch_forest": "2024-05-31 13:15:01 +0000",
      "minecraft:savanna": "2024-05-31 13:28:06 +0000"
    },
    "done": false
  },
  "ecologics:recipes/ecologics/azalea_boat": {
    "criteria": {
      "in_water": "2024-05-30 07:52:49 +0000"
    },
    "done": true
  },
  "minecraft:recipes/transportation/cherry_boat": {
    "criteria": {
      "in_water": "2024-05-30 07:52:49 +0000"
    },
    "done": true
  },
  "minecraft:recipes/transportation/bamboo_raft": {
    "criteria": {
      "in_water": "2024-05-30 07:52:49 +0000"
    },
    "done": true
  },
  "minecraft:recipes/transportation/spruce_boat": {
    "criteria": {
      "in_water": "2024-05-30 07:52:49 +0000"
    },
    "done": true
  },
  "minecraft:recipes/transportation/birch_boat": {
    "criteria": {
      "in_water": "2024-05-30 07:52:49 +0000"
    },
    "done": true
  },
  "minecraft:recipes/transportation/oak_boat": {
    "criteria": {
      "in_water": "2024-05-30 07:52:49 +0000"
    },
    "done": true
  },
  "ecologics:recipes/ecologics/walnut_boat": {
    "criteria": {
      "in_water": "2024-05-30 07:52:49 +0000"
    },
    "done": true
  },
  "minecraft:recipes/transportation/mangrove_boat": {
    "criteria": {
      "in_water": "2024-05-30 07:52:49 +0000"
    },
    "done": true
  },
  "ecologics:recipes/ecologics/coconut_boat": {
    "criteria": {
      "in_water": "2024-05-30 07:52:49 +0000"
    },
    "done": true
  },
  "ecologics:recipes/ecologics/flowering_azalea_boat": {
    "criteria": {
      "in_water": "2024-05-30 07:52:49 +0000"
    },
    "done": true
  },
  "minecraft:recipes/transportation/acacia_boat": {
    "criteria": {
      "in_water": "2024-05-30 07:52:49 +0000"
    },
    "done": true
  },
  "minecraft:recipes/transportation/jungle_boat": {
    "criteria": {
      "in_water": "2024-05-30 07:52:49 +0000"
    },
    "done": true
  },
  "minecraft:recipes/transportation/dark_oak_boat": {
    "criteria": {
      "in_water": "2024-05-30 07:52:49 +0000"
    },
    "done": true
  },
  "dungeons_arise:find_mechanical_nest": {
    "criteria": {
      "location0": "2024-05-30 07:57:47 +0000"
    },
    "done": true
  },
  "naturalist:recipes/food/cooked_egg": {
    "criteria": {
      "has_eggs": "2024-05-31 10:11:04 +0000"
    },
    "done": true
  },
  "niftycarts:recipes/supply_cart": {
    "criteria": {
      "has_wheel": "2024-05-31 10:11:04 +0000"
    },
    "done": true
  },
  "niftycarts:recipes/plow": {
    "criteria": {
      "has_wheel": "2024-05-31 10:11:04 +0000"
    },
    "done": true
  },
  "niftycarts:recipes/animal_cart": {
    "criteria": {
      "has_wheel": "2024-05-31 10:11:04 +0000"
    },
    "done": true
  },
  "dungeons_arise:find_undead_pirate_ship": {
    "criteria": {
      "location0": "2024-05-31 12:51:44 +0000"
    },
    "done": true
  },
  "dungeons_arise:find_fishing_hut": {
    "criteria": {
      "location0": "2024-05-31 12:54:11 +0000"
    },
    "done": true
  },
  "minecraft:recipes/food/dried_kelp_from_smelting": {
    "criteria": {
      "has_kelp": "2024-05-31 13:10:22 +0000"
    },
    "done": true
  },
  "minecraft:recipes/food/dried_kelp_from_campfire_cooking": {
    "criteria": {
      "has_kelp": "2024-05-31 13:10:22 +0000"
    },
    "done": true
  },
  "minecraft:recipes/food/dried_kelp_from_smoking": {
    "criteria": {
      "has_kelp": "2024-05-31 13:10:22 +0000"
    },
    "done": true
  },
  "1_splatus:ultris/illusioner": {
    "criteria": {
      "c1": "2024-05-31 13:10:25 +0000"
    },
    "done": true
  },
  "nova_structures:adventure/find_all_illager_structures": {
    "criteria": {
      "illager_camp": "2024-05-31 13:13:00 +0000"
    },
    "done": false
  },
  "dungeons_arise:find_illager_corsair_or_illager_galley": {
    "criteria": {
      "location1": "2024-05-31 13:23:59 +0000"
    },
    "done": true
  },
  "DataVersion": 3465
}