{
  "ecologics:recipes/ecologics/azalea_boat": {
    "criteria": {
      "in_water": "2024-05-30 07:52:49 +0000"
    },
    "done": true
  },
  "1_splatus:ultris/root": {
    "criteria": {
      "c1": "2024-05-30 07:42:48 +0000"
    },
    "done": true
  },
  "minecraft:recipes/decorations/crafting_table": {
    "criteria": {
      "unlock_right_away": "2024-05-30 07:42:49 +0000"
    },
    "done": true
  },
  "minecraft:recipes/transportation/cherry_boat": {
    "criteria": {
      "in_water": "2024-05-30 07:52:49 +0000"
    },
    "done": true
  },
  "minecraft:recipes/transportation/bamboo_raft": {
    "criteria": {
      "in_water": "2024-05-30 07:52:49 +0000"
    },
    "done": true
  },
  "minecraft:recipes/transportation/spruce_boat": {
    "criteria": {
      "in_water": "2024-05-30 07:52:49 +0000"
    },
    "done": true
  },
  "minecraft:recipes/transportation/birch_boat": {
    "criteria": {
      "in_water": "2024-05-30 07:52:49 +0000"
    },
    "done": true
  },
  "minecraft:recipes/transportation/oak_boat": {
    "criteria": {
      "in_water": "2024-05-30 07:52:49 +0000"
    },
    "done": true
  },
  "ecologics:recipes/ecologics/walnut_boat": {
    "criteria": {
      "in_water": "2024-05-30 07:52:49 +0000"
    },
    "done": true
  },
  "minecraft:recipes/transportation/mangrove_boat": {
    "criteria": {
      "in_water": "2024-05-30 07:52:49 +0000"
    },
    "done": true
  },
  "dungeons_arise:find_mechanical_nest": {
    "criteria": {
      "location0": "2024-05-30 07:57:47 +0000"
    },
    "done": true
  },
  "dungeons_arise:wda_root": {
    "criteria": {
      "WDA": "2024-05-30 07:42:49 +0000"
    },
    "done": true
  },
  "ecologics:recipes/ecologics/coconut_boat": {
    "criteria": {
      "in_water": "2024-05-30 07:52:49 +0000"
    },
    "done": true
  },
  "ecologics:recipes/ecologics/flowering_azalea_boat": {
    "criteria": {
      "in_water": "2024-05-30 07:52:49 +0000"
    },
    "done": true
  },
  "minecraft:recipes/transportation/acacia_boat": {
    "criteria": {
      "in_water": "2024-05-30 07:52:49 +0000"
    },
    "done": true
  },
  "minecraft:adventure/adventuring_time": {
    "criteria": {
      "minecraft:old_growth_pine_taiga": "2024-05-30 07:43:24 +0000",
      "minecraft:taiga": "2024-05-30 08:01:26 +0000",
      "minecraft:frozen_river": "2024-05-30 07:46:02 +0000",
      "minecraft:beach": "2024-05-30 07:44:37 +0000",
      "minecraft:dark_forest": "2024-05-30 07:48:11 +0000",
      "minecraft:river": "2024-05-30 07:45:52 +0000",
      "minecraft:snowy_taiga": "2024-05-30 07:52:35 +0000",
      "minecraft:cold_ocean": "2024-05-30 07:43:26 +0000",
      "minecraft:lush_caves": "2024-05-30 07:43:50 +0000",
      "minecraft:frozen_ocean": "2024-05-30 07:43:27 +0000",
      "minecraft:deep_frozen_ocean": "2024-05-30 07:51:29 +0000",
      "minecraft:old_growth_spruce_taiga": "2024-05-30 07:47:11 +0000",
      "minecraft:snowy_beach": "2024-05-30 07:43:36 +0000"
    },
    "done": false
  },
  "minecraft:recipes/transportation/jungle_boat": {
    "criteria": {
      "in_water": "2024-05-30 07:52:49 +0000"
    },
    "done": true
  },
  "minecraft:recipes/transportation/dark_oak_boat": {
    "criteria": {
      "in_water": "2024-05-30 07:52:49 +0000"
    },
    "done": true
  },
  "DataVersion": 3465
}